store_domain,product_id,product_name,product_type,vendor,variant_id,size,sku,price,available,availability_status,exact_quantity_left,product_url
https://prekies.com,8722671337630,Set & Suit - Little Explorer With Cycle,,Prekies,46886803439774,Premie,2540091,1599.00,True,Available,20,https://prekies.com/products/little-explorer-with-cycle-set-suit
https://prekies.com,8722671337630,Set & Suit - Little Explorer With Cycle,,Prekies,46886803472542,New Born,2540092,1599.00,True,Available,20,https://prekies.com/products/little-explorer-with-cycle-set-suit
https://prekies.com,8722671337630,Set & Suit - Little Explorer With Cycle,,Prekies,46886803505310,0-1 M,2540093,1599.00,True,Available,20,https://prekies.com/products/little-explorer-with-cycle-set-suit
https://prekies.com,8722671337630,Set & Suit - Little Explorer With Cycle,,Prekies,46886803538078,0-3 M,2540094,1599.00,True,Available,20,https://prekies.com/products/little-explorer-with-cycle-set-suit
https://prekies.com,8722670911646,Set & Suit - Cinnamon Baby,,Prekies,46886803144862,Preemie,2540121,1599.00,True,Available,20,https://prekies.com/products/cinnamon-baby-set-suit
https://prekies.com,8722670911646,Set & Suit - Cinnamon Baby,,Prekies,46886803177630,New Born,2540122,1599.00,True,Available,20,https://prekies.com/products/cinnamon-baby-set-suit
https://prekies.com,8722670911646,Set & Suit - Cinnamon Baby,,Prekies,46886803210398,0-3M,2540123,1599.00,True,Available,20,https://prekies.com/products/cinnamon-baby-set-suit
https://prekies.com,8722670911646,Set & Suit - Cinnamon Baby,,Prekies,46886803243166,0-1 M,2540124,1599.00,True,Available,20,https://prekies.com/products/cinnamon-baby-set-suit
https://prekies.com,8722671435934,Set & Suit - Safari Trail Lion,,Prekies,46886803275934,Premie,2540101,1599.00,True,Available,20,https://prekies.com/products/safari-trail-lion-print-set-suit
https://prekies.com,8722671435934,Set & Suit - Safari Trail Lion,,Prekies,46886803308702,New Born,2540102,1599.00,True,Available,20,https://prekies.com/products/safari-trail-lion-print-set-suit
https://prekies.com,8722671435934,Set & Suit - Safari Trail Lion,,Prekies,46886803341470,0-1 M,2540103,1599.00,True,Available,20,https://prekies.com/products/safari-trail-lion-print-set-suit
https://prekies.com,8722671435934,Set & Suit - Safari Trail Lion,,Prekies,46886803374238,0-3 M,2540104,1599.00,True,Available,20,https://prekies.com/products/safari-trail-lion-print-set-suit
https://prekies.com,8722671141022,Set & Suit - Sky Dreamer,,Prekies,46886803931294,Preemie,2540111,1599.00,True,Available,20,https://prekies.com/products/sky-dreamer-set-suit
https://prekies.com,8722671141022,Set & Suit - Sky Dreamer,,Prekies,46886803964062,New Born,2540112,1599.00,True,Available,20,https://prekies.com/products/sky-dreamer-set-suit
https://prekies.com,8722671141022,Set & Suit - Sky Dreamer,,Prekies,46886803996830,0-1 M,2540113,1599.00,True,Available,20,https://prekies.com/products/sky-dreamer-set-suit
https://prekies.com,8722671141022,Set & Suit - Sky Dreamer,,Prekies,46886804029598,0-3M,2540114,1599.00,True,Available,20,https://prekies.com/products/sky-dreamer-set-suit
https://prekies.com,8722670780574,Set & Suit - Minty Baby,,Prekies,46886806356126,Preemie,2540081,1599.00,True,Available,20,https://prekies.com/products/minty-baby-set-suit
https://prekies.com,8722670780574,Set & Suit - Minty Baby,,Prekies,46886806388894,New Born,2540082,1599.00,True,Available,20,https://prekies.com/products/minty-baby-set-suit
https://prekies.com,8722670780574,Set & Suit - Minty Baby,,Prekies,46886806421662,0-1 M,2540083,1599.00,True,Available,20,https://prekies.com/products/minty-baby-set-suit
https://prekies.com,8722670780574,Set & Suit - Minty Baby,,Prekies,46886806454430,0-3M,2540084,1599.00,True,Available,20,https://prekies.com/products/minty-baby-set-suit
https://prekies.com,8722670583966,Set & Suit - Mushi Baby,,Prekies,46886806814878,Premie,2540071,1599.00,True,Available,20,https://prekies.com/products/mushi-baby-set-suit
https://prekies.com,8722670583966,Set & Suit - Mushi Baby,,Prekies,46886806847646,New Born,2540072,1599.00,True,Available,20,https://prekies.com/products/mushi-baby-set-suit
https://prekies.com,8722670583966,Set & Suit - Mushi Baby,,Prekies,46886806880414,0-1 M,2540073,1599.00,True,Available,20,https://prekies.com/products/mushi-baby-set-suit
https://prekies.com,8722670583966,Set & Suit - Mushi Baby,,Prekies,46886806913182,0-3 M,2540074,1599.00,True,Available,20,https://prekies.com/products/mushi-baby-set-suit
https://prekies.com,8722650693790,Wash Cloth - Little Explorer,,Prekies,46886807109790,New Born,2540061,999.00,True,Available,50,https://prekies.com/products/little-explorer-wash-clothes
https://prekies.com,8722670223518,Wash Cloth - Safari Trails,,Prekies,46886807077022,New Born,2540051,999.00,True,Available,50,https://prekies.com/products/safari-trails-wash-clothes
https://prekies.com,8722638995614,Bib - Little Explorer,,Prekies,46886807339166,New Born,2540041,999.00,True,Available,50,https://prekies.com/products/little-explorer-bib
https://prekies.com,8722638143646,Bib - Safari Trails,,Prekies,46886807371934,New Born,2540031,999.00,True,Available,50,https://prekies.com/products/safari-trails-bib
https://prekies.com,8722637783198,Swaddle Set - Little Explorer,,Prekies,46886807404702,New Born,2540021,2599.00,True,Available,50,https://prekies.com/products/little-explorer-swaddle-set
https://prekies.com,8722636734622,Swaddle Set - Safari Trail,,Prekies,46886807437470,New Born,2540011,2599.00,True,Available,49,https://prekies.com/products/safari-trail-swaddle-set
https://prekies.com,8461367181470,"Cap, Mitten & Booties - Olive Color",,Prekies,46275915874462,Preemie,25110401,599.00,True,Available,20,https://prekies.com/products/cap-mitten-booties-olive-for-newborn-baby
https://prekies.com,8461367181470,"Cap, Mitten & Booties - Olive Color",,Prekies,46275930521758,Newborn,25110402,599.00,True,Available,20,https://prekies.com/products/cap-mitten-booties-olive-for-newborn-baby
https://prekies.com,8461367181470,"Cap, Mitten & Booties - Olive Color",,Prekies,46275915939998,0-3M,25110403,599.00,True,Available,20,https://prekies.com/products/cap-mitten-booties-olive-for-newborn-baby
https://prekies.com,8461366689950,"Cap, Mitten & Booties - Maroon Color",,Prekies,46275918495902,Preemie,25110201,599.00,True,Available,17,https://prekies.com/products/cap-mitten-booties-maroon-for-newborn-baby
https://prekies.com,8461366689950,"Cap, Mitten & Booties - Maroon Color",,Prekies,46275930718366,Newborn,25110202,599.00,True,Available,17,https://prekies.com/products/cap-mitten-booties-maroon-for-newborn-baby
https://prekies.com,8461366689950,"Cap, Mitten & Booties - Maroon Color",,Prekies,46275918561438,0-3M,25110203,599.00,True,Available,20,https://prekies.com/products/cap-mitten-booties-maroon-for-newborn-baby
https://prekies.com,8461367148702,"Cap, Mitten & Booties - Stripes Print",,Prekies,46275916234910,Preemie,25110501,599.00,True,Available,20,https://prekies.com/products/cap-mitten-booties-stripes-print-for-newborn-baby
https://prekies.com,8461367148702,"Cap, Mitten & Booties - Stripes Print",,Prekies,46275930652830,Newborn,25110502,599.00,True,Available,20,https://prekies.com/products/cap-mitten-booties-stripes-print-for-newborn-baby
https://prekies.com,8461367148702,"Cap, Mitten & Booties - Stripes Print",,Prekies,46275916300446,0-3M,25110503,599.00,True,Available,20,https://prekies.com/products/cap-mitten-booties-stripes-print-for-newborn-baby
https://prekies.com,8461366362270,"Cap, Mitten & Booties - Blue Color",,Prekies,46275918692510,Preemie,25110301,599.00,True,Available,20,https://prekies.com/products/cap-mitten-booties-blue-for-newborn-baby
https://prekies.com,8461366362270,"Cap, Mitten & Booties - Blue Color",,Prekies,46275930783902,Newborn,25110302,599.00,True,Available,20,https://prekies.com/products/cap-mitten-booties-blue-for-newborn-baby
https://prekies.com,8461366362270,"Cap, Mitten & Booties - Blue Color",,Prekies,46275918758046,0-3M,25110303,599.00,True,Available,20,https://prekies.com/products/cap-mitten-booties-blue-for-newborn-baby
https://prekies.com,8357299978398,"Cap, Mitten & Booties - Beige Color",,Prekies,46275913777310,Preemie,25110101,599.00,True,Available,19,https://prekies.com/products/beige-color-cap-mitten-booties-set-for-newborn-baby
https://prekies.com,8357299978398,"Cap, Mitten & Booties - Beige Color",,Prekies,46275930816670,Newborn,25110102,599.00,True,Available,19,https://prekies.com/products/beige-color-cap-mitten-booties-set-for-newborn-baby
https://prekies.com,8357299978398,"Cap, Mitten & Booties - Beige Color",,Prekies,46275913842846,0-3M,25110103,599.00,True,Available,20,https://prekies.com/products/beige-color-cap-mitten-booties-set-for-newborn-baby
https://prekies.com,8357288345758,Newborn Gift Set - Flower Print,,Prekies,46275929505950,Preemie,25190501,3499.00,True,Available,20,https://prekies.com/products/gift-set-flower-print-for-newborn-baby
https://prekies.com,8357288345758,Newborn Gift Set - Flower Print,,Prekies,46275929538718,Newborn,25190502,3499.00,True,Available,20,https://prekies.com/products/gift-set-flower-print-for-newborn-baby
https://prekies.com,8357288247454,Newborn Gift Set - Newbie Print,,Prekies,46275929637022,Preemie,25190401,3499.00,True,Available,20,https://prekies.com/products/gift-set-newbie-print-for-newborn-baby
https://prekies.com,8357288247454,Newborn Gift Set - Newbie Print,,Prekies,46275929669790,Newborn,25190402,3499.00,True,Available,20,https://prekies.com/products/gift-set-newbie-print-for-newborn-baby
https://prekies.com,8357288181918,Newborn Gift Set - Hello World Print,,Prekies,46275929931934,Preemie,25190301,3499.00,True,Available,19,https://prekies.com/products/gift-set-hello-world-print-for-newborn-baby
https://prekies.com,8357288181918,Newborn Gift Set - Hello World Print,,Prekies,46275929964702,Newborn,25190302,3499.00,True,Available,19,https://prekies.com/products/gift-set-hello-world-print-for-newborn-baby
https://prekies.com,8357288083614,Newborn Gift Set - Bear Print,,Prekies,46275930325150,Preemie,25190101,3499.00,True,Available,19,https://prekies.com/products/gift-set-bear-print-for-newborn-baby
https://prekies.com,8357288083614,Newborn Gift Set - Bear Print,,Prekies,46275930357918,Newborn,25190102,3499.00,True,Available,19,https://prekies.com/products/gift-set-bear-print-for-newborn-baby
https://prekies.com,8357288116382,Newborn Gift Set - Dino Print,,Prekies,46275930194078,Preemie,25190201,3499.00,True,Available,20,https://prekies.com/products/gift-set-dino-print-for-newborn-baby
https://prekies.com,8357288116382,Newborn Gift Set - Dino Print,,Prekies,46275930226846,Newborn,25190202,3499.00,True,Available,20,https://prekies.com/products/gift-set-dino-print-for-newborn-baby
https://prekies.com,8357288018078,Set of 3 Pyjamas - Dino Print (Green & Blue),,Prekies,46275928359070,Preemie,25180401,1399.00,True,Available,20,https://prekies.com/products/set-of-3-pyjamas-dino-print-green-blue-for-newborn-baby
https://prekies.com,8357288018078,Set of 3 Pyjamas - Dino Print (Green & Blue),,Prekies,46275928391838,Newborn,25180402,1399.00,True,Available,20,https://prekies.com/products/set-of-3-pyjamas-dino-print-green-blue-for-newborn-baby
https://prekies.com,8357288018078,Set of 3 Pyjamas - Dino Print (Green & Blue),,Prekies,46275928424606,0-1 M,25180403,1399.00,True,Available,20,https://prekies.com/products/set-of-3-pyjamas-dino-print-green-blue-for-newborn-baby
https://prekies.com,8357288018078,Set of 3 Pyjamas - Dino Print (Green & Blue),,Prekies,46275928457374,0-3 M,25180404,1399.00,True,Available,20,https://prekies.com/products/set-of-3-pyjamas-dino-print-green-blue-for-newborn-baby
https://prekies.com,8357287985310,Set of 3 Pyjamas - Bear Print (Brown & Blue),,Prekies,46275928653982,Preemie,25180301,1399.00,True,Available,20,https://prekies.com/products/set-of-3-pyjamas-bear-print-brown-blue-for-newborn-baby
https://prekies.com,8357287985310,Set of 3 Pyjamas - Bear Print (Brown & Blue),,Prekies,46275928686750,Newborn,25180302,1399.00,True,Available,20,https://prekies.com/products/set-of-3-pyjamas-bear-print-brown-blue-for-newborn-baby
https://prekies.com,8357287985310,Set of 3 Pyjamas - Bear Print (Brown & Blue),,Prekies,46275928719518,0-1 M,25180303,1399.00,True,Available,20,https://prekies.com/products/set-of-3-pyjamas-bear-print-brown-blue-for-newborn-baby
https://prekies.com,8357287985310,Set of 3 Pyjamas - Bear Print (Brown & Blue),,Prekies,46275928752286,0-3 M,25180304,1399.00,True,Available,20,https://prekies.com/products/set-of-3-pyjamas-bear-print-brown-blue-for-newborn-baby
https://prekies.com,8357287919774,Set of 3 Pyjamas - Elephant Print,,Prekies,46275928916126,Preemie,25180201,1399.00,True,Available,20,https://prekies.com/products/set-of-3-pyjamas-elephant-print-for-newborn-baby
https://prekies.com,8357287919774,Set of 3 Pyjamas - Elephant Print,,Prekies,46275928948894,Newborn,25180202,1399.00,True,Available,20,https://prekies.com/products/set-of-3-pyjamas-elephant-print-for-newborn-baby
https://prekies.com,8357287919774,Set of 3 Pyjamas - Elephant Print,,Prekies,46275928981662,0-1 M,25180203,1399.00,True,Available,20,https://prekies.com/products/set-of-3-pyjamas-elephant-print-for-newborn-baby
https://prekies.com,8357287919774,Set of 3 Pyjamas - Elephant Print,,Prekies,46275929014430,0-3 M,25180204,1399.00,True,Available,20,https://prekies.com/products/set-of-3-pyjamas-elephant-print-for-newborn-baby
https://prekies.com,8357287821470,Set of 3 Pyjamas - Rainbow Print,,Prekies,46275929309342,Preemie,25180101,1399.00,True,Available,20,https://prekies.com/products/set-of-3-pyjamas-rainbow-print-for-newborn-baby
https://prekies.com,8357287821470,Set of 3 Pyjamas - Rainbow Print,,Prekies,46275929342110,Newborn,25180102,1399.00,True,Available,20,https://prekies.com/products/set-of-3-pyjamas-rainbow-print-for-newborn-baby
https://prekies.com,8357287821470,Set of 3 Pyjamas - Rainbow Print,,Prekies,46275929374878,0-1 M,25180103,1399.00,True,Available,19,https://prekies.com/products/set-of-3-pyjamas-rainbow-print-for-newborn-baby
https://prekies.com,8357287821470,Set of 3 Pyjamas - Rainbow Print,,Prekies,46275929407646,0-3 M,25180104,1399.00,True,Available,20,https://prekies.com/products/set-of-3-pyjamas-rainbow-print-for-newborn-baby
https://prekies.com,8357287788702,Set of 3 Jhablas - Dino Print (Green & Blue),,Prekies,46275925868702,Preemie,25170401,1399.00,True,Available,16,https://prekies.com/products/set-of-3-jhablas-dino-print-green-blue-for-newborn-baby
https://prekies.com,8357287788702,Set of 3 Jhablas - Dino Print (Green & Blue),,Prekies,46275925901470,Newborn,25170402,1399.00,True,Available,16,https://prekies.com/products/set-of-3-jhablas-dino-print-green-blue-for-newborn-baby
https://prekies.com,8357287788702,Set of 3 Jhablas - Dino Print (Green & Blue),,Prekies,46275925934238,0-1 M,25170403,1399.00,True,Available,20,https://prekies.com/products/set-of-3-jhablas-dino-print-green-blue-for-newborn-baby
https://prekies.com,8357287788702,Set of 3 Jhablas - Dino Print (Green & Blue),,Prekies,46275925967006,0-3 M,25170404,1399.00,True,Available,20,https://prekies.com/products/set-of-3-jhablas-dino-print-green-blue-for-newborn-baby
https://prekies.com,8357287723166,Set of 3 Jhablas - Bear Print (Brown & Green),,Prekies,46275927474334,Preemie,25170301,1399.00,True,Available,20,https://prekies.com/products/set-of-3-jhablas-bear-print-brown-green-for-newborn-baby
https://prekies.com,8357287723166,Set of 3 Jhablas - Bear Print (Brown & Green),,Prekies,46275927507102,Newborn,25170302,1399.00,True,Available,20,https://prekies.com/products/set-of-3-jhablas-bear-print-brown-green-for-newborn-baby
https://prekies.com,8357287723166,Set of 3 Jhablas - Bear Print (Brown & Green),,Prekies,46275927539870,0-1 M,25170303,1399.00,True,Available,20,https://prekies.com/products/set-of-3-jhablas-bear-print-brown-green-for-newborn-baby
https://prekies.com,8357287723166,Set of 3 Jhablas - Bear Print (Brown & Green),,Prekies,46275927572638,0-3 M,25170304,1399.00,True,Available,20,https://prekies.com/products/set-of-3-jhablas-bear-print-brown-green-for-newborn-baby
https://prekies.com,8357287690398,Set of 3 Jhablas - Elephant Print,,Prekies,46275927670942,Preemie,25170201,1399.00,True,Available,19,https://prekies.com/products/set-of-3-jhablas-elephant-print-for-newborn-baby
https://prekies.com,8357287690398,Set of 3 Jhablas - Elephant Print,,Prekies,46275927703710,Newborn,25170202,1399.00,True,Available,19,https://prekies.com/products/set-of-3-jhablas-elephant-print-for-newborn-baby
https://prekies.com,8357287690398,Set of 3 Jhablas - Elephant Print,,Prekies,46275927736478,0-1 M,25170203,1399.00,True,Available,20,https://prekies.com/products/set-of-3-jhablas-elephant-print-for-newborn-baby
https://prekies.com,8357287690398,Set of 3 Jhablas - Elephant Print,,Prekies,46275927769246,0-3 M,25170204,1399.00,True,Available,20,https://prekies.com/products/set-of-3-jhablas-elephant-print-for-newborn-baby
https://prekies.com,8357287657630,Set of 3 Jhablas - Rainbow Print,,Prekies,46275927998622,Preemie,25170101,1399.00,True,Available,19,https://prekies.com/products/set-of-3-jhablas-rainbow-print-for-newborn-baby
https://prekies.com,8357287657630,Set of 3 Jhablas - Rainbow Print,,Prekies,46275928031390,Newborn,25170102,1399.00,True,Available,19,https://prekies.com/products/set-of-3-jhablas-rainbow-print-for-newborn-baby
https://prekies.com,8357287657630,Set of 3 Jhablas - Rainbow Print,,Prekies,46275928064158,0-1 M,25170103,1399.00,True,Available,19,https://prekies.com/products/set-of-3-jhablas-rainbow-print-for-newborn-baby
https://prekies.com,8357287657630,Set of 3 Jhablas - Rainbow Print,,Prekies,46275928096926,0-3 M,25170104,1399.00,True,Available,20,https://prekies.com/products/set-of-3-jhablas-rainbow-print-for-newborn-baby
https://prekies.com,8357287592094,Onesie Set of 3 - Flower Print,,Prekies,46275926196382,Preemie,25160401,1699.00,True,Available,19,https://prekies.com/products/onesie-set-of-3-flower-print-for-newborn-baby
https://prekies.com,8357287592094,Onesie Set of 3 - Flower Print,,Prekies,46275926229150,Newborn,25160402,1699.00,True,Available,19,https://prekies.com/products/onesie-set-of-3-flower-print-for-newborn-baby
https://prekies.com,8357287592094,Onesie Set of 3 - Flower Print,,Prekies,46275926261918,0-1 M,25160403,1699.00,True,Available,20,https://prekies.com/products/onesie-set-of-3-flower-print-for-newborn-baby
https://prekies.com,8357287592094,Onesie Set of 3 - Flower Print,,Prekies,46275926294686,0-3 M,25160404,1699.00,True,Available,20,https://prekies.com/products/onesie-set-of-3-flower-print-for-newborn-baby
https://prekies.com,8357287493790,Onesie Set of 3 - Rainbow Print,,Prekies,46275926491294,Preemie,25160301,1699.00,True,Available,20,https://prekies.com/products/onesie-set-of-3-rainbow-print-for-newborn-baby
https://prekies.com,8357287493790,Onesie Set of 3 - Rainbow Print,,Prekies,46275926524062,Newborn,25160302,1699.00,True,Available,20,https://prekies.com/products/onesie-set-of-3-rainbow-print-for-newborn-baby
https://prekies.com,8357287493790,Onesie Set of 3 - Rainbow Print,,Prekies,46275926556830,0-1 M,25160303,1699.00,True,Available,20,https://prekies.com/products/onesie-set-of-3-rainbow-print-for-newborn-baby
https://prekies.com,8357287493790,Onesie Set of 3 - Rainbow Print,,Prekies,46275926589598,0-3 M,25160304,1699.00,True,Available,20,https://prekies.com/products/onesie-set-of-3-rainbow-print-for-newborn-baby
https://prekies.com,8357287428254,Onesie Set of 3 - Newbie Print,,Prekies,46275926687902,Preemie,25160201,1699.00,True,Available,20,https://prekies.com/products/onesie-set-of-3-newbie-print-for-newborn-baby
https://prekies.com,8357287428254,Onesie Set of 3 - Newbie Print,,Prekies,46275926720670,Newborn,25160202,1699.00,True,Available,20,https://prekies.com/products/onesie-set-of-3-newbie-print-for-newborn-baby
https://prekies.com,8357287428254,Onesie Set of 3 - Newbie Print,,Prekies,46275926753438,0-1 M,25160203,1699.00,True,Available,20,https://prekies.com/products/onesie-set-of-3-newbie-print-for-newborn-baby
https://prekies.com,8357287428254,Onesie Set of 3 - Newbie Print,,Prekies,46275926786206,0-3 M,25160204,1699.00,True,Available,20,https://prekies.com/products/onesie-set-of-3-newbie-print-for-newborn-baby
https://prekies.com,8357287395486,Onesie Set of 3 - Car Print,,Prekies,46275926884510,Preemie,25160101,1699.00,True,Available,20,https://prekies.com/products/onesie-set-of-3-car-print-for-newborn-baby
https://prekies.com,8357287395486,Onesie Set of 3 - Car Print,,Prekies,46275926917278,Newborn,25160102,1699.00,True,Available,20,https://prekies.com/products/onesie-set-of-3-car-print-for-newborn-baby
https://prekies.com,8357287395486,Onesie Set of 3 - Car Print,,Prekies,46275926950046,0-1 M,25160103,1699.00,True,Available,20,https://prekies.com/products/onesie-set-of-3-car-print-for-newborn-baby
https://prekies.com,8357287395486,Onesie Set of 3 - Car Print,,Prekies,46275926982814,0-3 M,25160104,1699.00,True,Available,20,https://prekies.com/products/onesie-set-of-3-car-print-for-newborn-baby
https://prekies.com,8357287362718,Set & Suit - Hello World,,Prekies,46275923148958,Preemie,25140801,1199.00,True,Available,20,https://prekies.com/products/set-suit-hello-world-for-newborn-baby
https://prekies.com,8357287362718,Set & Suit - Hello World,,Prekies,46275923181726,Newborn,25140802,1199.00,True,Available,20,https://prekies.com/products/set-suit-hello-world-for-newborn-baby
https://prekies.com,8357287362718,Set & Suit - Hello World,,Prekies,46275923214494,0-1 M,25140803,1199.00,True,Available,20,https://prekies.com/products/set-suit-hello-world-for-newborn-baby
https://prekies.com,8357287362718,Set & Suit - Hello World,,Prekies,46275923247262,0-3 M,25140804,1199.00,True,Available,20,https://prekies.com/products/set-suit-hello-world-for-newborn-baby
https://prekies.com,8357287264414,Dungaree Set - Elephant Print,,Prekies,46275914137758,Preemie,25140601,1299.00,True,Available,19,https://prekies.com/products/dungree-set-elephant-print-for-newborn-baby
https://prekies.com,8357287264414,Dungaree Set - Elephant Print,,Prekies,46275914170526,New Born,25140602,1299.00,True,Available,19,https://prekies.com/products/dungree-set-elephant-print-for-newborn-baby
https://prekies.com,8357287264414,Dungaree Set - Elephant Print,,Prekies,46275914203294,0-1 M,25140603,1299.00,True,Available,19,https://prekies.com/products/dungree-set-elephant-print-for-newborn-baby
https://prekies.com,8357287264414,Dungaree Set - Elephant Print,,Prekies,46275923640478,0-3 M,25140604,1299.00,True,Available,20,https://prekies.com/products/dungree-set-elephant-print-for-newborn-baby
https://prekies.com,8357287297182,Set & Suit - Teddy Print,,Prekies,46275923280030,Preemie,25140701,1199.00,True,Available,19,https://prekies.com/products/set-suit-teddy-print-for-newborn-baby
https://prekies.com,8357287297182,Set & Suit - Teddy Print,,Prekies,46275923312798,Newborn,25140702,1199.00,True,Available,19,https://prekies.com/products/set-suit-teddy-print-for-newborn-baby
https://prekies.com,8357287297182,Set & Suit - Teddy Print,,Prekies,46275923345566,0-1 M,25140703,1199.00,True,Available,20,https://prekies.com/products/set-suit-teddy-print-for-newborn-baby
https://prekies.com,8357287297182,Set & Suit - Teddy Print,,Prekies,46275923378334,0-3 M,25140704,1199.00,True,Available,20,https://prekies.com/products/set-suit-teddy-print-for-newborn-baby
https://prekies.com,8357287198878,Dungaree Set - Elephant Print & Lion Print,,Prekies,46275924525214,Preemie,25140501,1299.00,True,Available,19,https://prekies.com/products/dungree-set-elephant-lion-print-for-newborn-baby
https://prekies.com,8357287198878,Dungaree Set - Elephant Print & Lion Print,,Prekies,46275924557982,Newborn,25140502,1299.00,True,Available,19,https://prekies.com/products/dungree-set-elephant-lion-print-for-newborn-baby
https://prekies.com,8357287198878,Dungaree Set - Elephant Print & Lion Print,,Prekies,46275924590750,0-1 M,25140503,1299.00,True,Available,20,https://prekies.com/products/dungree-set-elephant-lion-print-for-newborn-baby
https://prekies.com,8357287198878,Dungaree Set - Elephant Print & Lion Print,,Prekies,46275924623518,0-3 M,25140504,1299.00,True,Available,20,https://prekies.com/products/dungree-set-elephant-lion-print-for-newborn-baby
https://prekies.com,8357287133342,Set & Suit - Bow Print,,Prekies,46275924820126,Preemie,25140401,1199.00,True,Available,17,https://prekies.com/products/set-suit-bow-print-for-newborn-baby
https://prekies.com,8357287133342,Set & Suit - Bow Print,,Prekies,46275924852894,Newborn,25140402,1199.00,True,Available,17,https://prekies.com/products/set-suit-bow-print-for-newborn-baby
https://prekies.com,8357287133342,Set & Suit - Bow Print,,Prekies,46275924885662,0-1 M,25140403,1199.00,True,Available,20,https://prekies.com/products/set-suit-bow-print-for-newborn-baby
https://prekies.com,8357287133342,Set & Suit - Bow Print,,Prekies,46275924918430,0-3 M,25140404,1199.00,True,Available,20,https://prekies.com/products/set-suit-bow-print-for-newborn-baby
https://prekies.com,8357287100574,Set & Suit - Dino Print (Blue),,Prekies,46275925180574,Preemie,25140301,1199.00,True,Available,18,https://prekies.com/products/set-suit-dino-print-blue-for-newborn-baby
https://prekies.com,8357287100574,Set & Suit - Dino Print (Blue),,Prekies,46275925213342,Newborn,25140302,1199.00,True,Available,18,https://prekies.com/products/set-suit-dino-print-blue-for-newborn-baby
https://prekies.com,8357287100574,Set & Suit - Dino Print (Blue),,Prekies,46275925246110,0-1 M,25140303,1199.00,True,Available,19,https://prekies.com/products/set-suit-dino-print-blue-for-newborn-baby
https://prekies.com,8357287100574,Set & Suit - Dino Print (Blue),,Prekies,46275925278878,0-3 M,25140304,1199.00,True,Available,20,https://prekies.com/products/set-suit-dino-print-blue-for-newborn-baby
https://prekies.com,8357287067806,Set & Suit - Dino Print,,Prekies,46275925409950,Preemie,25140201,1199.00,True,Available,20,https://prekies.com/products/set-suit-dino-print-for-newborn-baby
https://prekies.com,8357287067806,Set & Suit - Dino Print,,Prekies,46275925442718,Newborn,25140202,1199.00,True,Available,20,https://prekies.com/products/set-suit-dino-print-for-newborn-baby
https://prekies.com,8357287067806,Set & Suit - Dino Print,,Prekies,46275925475486,0-1 M,25140203,1199.00,True,Available,20,https://prekies.com/products/set-suit-dino-print-for-newborn-baby
https://prekies.com,8357287067806,Set & Suit - Dino Print,,Prekies,46275925508254,0-3 M,25140204,1199.00,True,Available,20,https://prekies.com/products/set-suit-dino-print-for-newborn-baby
https://prekies.com,8357287002270,Set & Suit - Flower Print,,Prekies,46275925737630,Preemie,25140101,1199.00,True,Available,20,https://prekies.com/products/set-suit-flower-print-for-newborn-baby
https://prekies.com,8357287002270,Set & Suit - Flower Print,,Prekies,46275925770398,Newborn,25140102,1199.00,True,Available,20,https://prekies.com/products/set-suit-flower-print-for-newborn-baby
https://prekies.com,8357287002270,Set & Suit - Flower Print,,Prekies,46275925803166,0-1 M,25140103,1199.00,True,Available,20,https://prekies.com/products/set-suit-flower-print-for-newborn-baby
https://prekies.com,8357287002270,Set & Suit - Flower Print,,Prekies,46275925835934,0-3 M,25140104,1199.00,True,Available,12,https://prekies.com/products/set-suit-flower-print-for-newborn-baby
https://prekies.com,8357286936734,Single Romper - Cloud Print,,Prekies,46275922395294,Preemie,25130301,1199.00,True,Available,19,https://prekies.com/products/single-romper-cloud-print-for-newborn-baby
https://prekies.com,8357286936734,Single Romper - Cloud Print,,Prekies,46275922428062,Newborn,25130302,1199.00,True,Available,19,https://prekies.com/products/single-romper-cloud-print-for-newborn-baby
https://prekies.com,8357286936734,Single Romper - Cloud Print,,Prekies,46275922460830,0-1 M,25130303,1199.00,True,Available,20,https://prekies.com/products/single-romper-cloud-print-for-newborn-baby
https://prekies.com,8357286936734,Single Romper - Cloud Print,,Prekies,46275922493598,0-3 M,25130304,1199.00,True,Available,20,https://prekies.com/products/single-romper-cloud-print-for-newborn-baby
https://prekies.com,8357286871198,Single Romper - Bear Face Print,,Prekies,46275922690206,Preemie,25130201,1199.00,True,Available,19,https://prekies.com/products/single-romper-bear-face-print-for-newborn-baby
https://prekies.com,8357286871198,Single Romper - Bear Face Print,,Prekies,46275922722974,Newborn,25130202,1199.00,True,Available,19,https://prekies.com/products/single-romper-bear-face-print-for-newborn-baby
https://prekies.com,8357286871198,Single Romper - Bear Face Print,,Prekies,46275922755742,0-1 M,25130203,1199.00,True,Available,20,https://prekies.com/products/single-romper-bear-face-print-for-newborn-baby
https://prekies.com,8357286871198,Single Romper - Bear Face Print,,Prekies,46275922788510,0-3 M,25130204,1199.00,True,Available,20,https://prekies.com/products/single-romper-bear-face-print-for-newborn-baby
https://prekies.com,8357286838430,Single Romper - Dino Print,,Prekies,46275922886814,Preemie,25130101,1199.00,True,Available,19,https://prekies.com/products/single-romper-dino-print-for-newborn-baby
https://prekies.com,8357286838430,Single Romper - Dino Print,,Prekies,46275922919582,Newborn,25130102,1199.00,True,Available,19,https://prekies.com/products/single-romper-dino-print-for-newborn-baby
https://prekies.com,8357286838430,Single Romper - Dino Print,,Prekies,46275922952350,0-1 M,25130103,1199.00,True,Available,19,https://prekies.com/products/single-romper-dino-print-for-newborn-baby
https://prekies.com,8357286838430,Single Romper - Dino Print,,Prekies,46275922985118,0-3 M,25130104,1199.00,True,Available,20,https://prekies.com/products/single-romper-dino-print-for-newborn-baby
https://prekies.com,8357286805662,Romper Set - Flower Print Pack of 3,,Prekies,46275919610014,Preemie,25120401,2599.00,True,Available,17,https://prekies.com/products/romper-set-flower-print-for-newborn-baby
https://prekies.com,8357286805662,Romper Set - Flower Print Pack of 3,,Prekies,46275919642782,Newborn,25120402,2599.00,True,Available,17,https://prekies.com/products/romper-set-flower-print-for-newborn-baby
https://prekies.com,8357286805662,Romper Set - Flower Print Pack of 3,,Prekies,46275919675550,0-1 M,25120403,2599.00,True,Available,20,https://prekies.com/products/romper-set-flower-print-for-newborn-baby
https://prekies.com,8357286805662,Romper Set - Flower Print Pack of 3,,Prekies,46275919708318,0-3 M,25120404,2599.00,True,Available,20,https://prekies.com/products/romper-set-flower-print-for-newborn-baby
https://prekies.com,8357286707358,Romper Set - Elephant Print Pack of 3,,Prekies,46275922034846,Preemie,25120201,2599.00,True,Available,18,https://prekies.com/products/romper-set-elephant-print-for-newborn-baby
https://prekies.com,8357286707358,Romper Set - Elephant Print Pack of 3,,Prekies,46275922067614,Newborn,25120202,2599.00,True,Available,18,https://prekies.com/products/romper-set-elephant-print-for-newborn-baby
https://prekies.com,8357286707358,Romper Set - Elephant Print Pack of 3,,Prekies,46275922100382,0-1 M,25120203,2599.00,True,Available,20,https://prekies.com/products/romper-set-elephant-print-for-newborn-baby
https://prekies.com,8357286707358,Romper Set - Elephant Print Pack of 3,,Prekies,46275922133150,0-3 M,25120204,2599.00,True,Available,20,https://prekies.com/products/romper-set-elephant-print-for-newborn-baby
https://prekies.com,8357286740126,Romper Set - Lion Print Pack of 3,,Prekies,46275919741086,Preemie,25120301,2599.00,True,Available,20,https://prekies.com/products/romper-set-lion-print-for-newborn-baby
https://prekies.com,8357286740126,Romper Set - Lion Print Pack of 3,,Prekies,46275919773854,Newborn,25120302,2599.00,True,Available,20,https://prekies.com/products/romper-set-lion-print-for-newborn-baby
https://prekies.com,8357286740126,Romper Set - Lion Print Pack of 3,,Prekies,46275919806622,0-1 M,25120303,2599.00,True,Available,20,https://prekies.com/products/romper-set-lion-print-for-newborn-baby
https://prekies.com,8357286740126,Romper Set - Lion Print Pack of 3,,Prekies,46275919839390,0-3 M,25120304,2599.00,True,Available,19,https://prekies.com/products/romper-set-lion-print-for-newborn-baby
https://prekies.com,8357286674590,Romper Set - Teddy Print Pack of 3,,Prekies,46275922165918,Preemie,25120101,2599.00,True,Available,16,https://prekies.com/products/romper-set-teddy-print-for-newborn-baby
https://prekies.com,8357286674590,Romper Set - Teddy Print Pack of 3,,Prekies,46275922198686,Newborn,25120102,2599.00,True,Available,16,https://prekies.com/products/romper-set-teddy-print-for-newborn-baby
https://prekies.com,8357286674590,Romper Set - Teddy Print Pack of 3,,Prekies,46275922231454,0-1 M,25120103,2599.00,True,Available,20,https://prekies.com/products/romper-set-teddy-print-for-newborn-baby
https://prekies.com,8357286674590,Romper Set - Teddy Print Pack of 3,,Prekies,46275922264222,0-3 M,25120104,2599.00,True,Available,20,https://prekies.com/products/romper-set-teddy-print-for-newborn-baby
https://prekies.com,8357286543518,"Cap, Mitten & Booties - Car Print",,Prekies,46275914760350,Preemie,25110701,599.00,True,Available,20,https://prekies.com/products/cap-mitten-booties-set-car-for-newborn-baby
https://prekies.com,8357286543518,"Cap, Mitten & Booties - Car Print",,Prekies,46275914793118,Newborn,25110702,599.00,True,Available,20,https://prekies.com/products/cap-mitten-booties-set-car-for-newborn-baby
https://prekies.com,8357286543518,"Cap, Mitten & Booties - Car Print",,Prekies,46275914825886,0-3M,25110703,599.00,True,Available,20,https://prekies.com/products/cap-mitten-booties-set-car-for-newborn-baby
https://prekies.com,8357286576286,"Cap, Mitten & Booties - Lion Print",,Prekies,46275914596510,Preemie,25110801,599.00,True,Available,19,https://prekies.com/products/cap-mitten-booties-set-lion-for-newborn-baby
https://prekies.com,8357286576286,"Cap, Mitten & Booties - Lion Print",,Prekies,46275914629278,Newborn,25110802,599.00,True,Available,19,https://prekies.com/products/cap-mitten-booties-set-lion-for-newborn-baby
https://prekies.com,8357286576286,"Cap, Mitten & Booties - Lion Print",,Prekies,46275914662046,0-3M,25110803,599.00,True,Available,20,https://prekies.com/products/cap-mitten-booties-set-lion-for-newborn-baby
https://prekies.com,8357286609054,"Cap, Mitten & Booties - Rainbow Print",,Prekies,46275914367134,Preemie,25110901,599.00,True,Available,19,https://prekies.com/products/cap-mitten-booties-set-rainbow-for-newborn-baby
https://prekies.com,8357286609054,"Cap, Mitten & Booties - Rainbow Print",,Prekies,46275914399902,Newborn,25110902,599.00,True,Available,19,https://prekies.com/products/cap-mitten-booties-set-rainbow-for-newborn-baby
https://prekies.com,8357286609054,"Cap, Mitten & Booties - Rainbow Print",,Prekies,46275914432670,0-3M,25110903,599.00,True,Available,20,https://prekies.com/products/cap-mitten-booties-set-rainbow-for-newborn-baby
https://prekies.com,8357286510750,"Cap, Mitten & Booties - Teddy Print",,Prekies,46275915284638,Preemie,25110601,599.00,True,Available,19,https://prekies.com/products/cap-mitten-booties-set-teddy-for-newborn-baby
https://prekies.com,8357286510750,"Cap, Mitten & Booties - Teddy Print",,Prekies,46275915317406,Newborn,25110602,599.00,True,Available,19,https://prekies.com/products/cap-mitten-booties-set-teddy-for-newborn-baby
https://prekies.com,8357286510750,"Cap, Mitten & Booties - Teddy Print",,Prekies,46275915350174,0-3M,25110603,599.00,True,Available,20,https://prekies.com/products/cap-mitten-booties-set-teddy-for-newborn-baby
